Fare,SibSp,Name,Name,PassengerId,Gender,Age,Embarked,Parch,Survived
18,1,108,108,0,1,28,2,0,0
207,1,190,190,1,0,51,0,0,1
41,0,353,353,2,0,34,2,0,1
189,1,272,272,3,0,47,2,0,1
43,0,15,15,4,1,47,2,0,0
51,0,554,554,5,1,88,1,0,0
186,0,515,515,6,1,69,2,0,0
124,3,624,624,7,1,6,2,1,0
74,0,412,412,8,0,35,2,2,1
154,1,576,576,9,0,18,0,0,1
110,1,727,727,10,0,8,2,1,1
143,0,95,95,11,0,74,2,0,1
43,0,729,729,12,1,25,2,0,0
158,1,28,28,13,1,52,2,5,0
36,0,840,840,14,0,18,2,0,0
108,0,359,359,15,0,70,2,0,1
151,4,682,682,16,1,6,1,1,0
85,0,867,867,17,1,88,2,0,1
113,1,839,839,18,0,41,2,0,0
16,0,512,512,19,0,88,0,0,1
138,0,273,273,20,1,47,2,0,0
85,0,80,80,21,1,45,2,0,1
42,0,523,523,22,0,20,1,0,1
168,0,765,765,23,1,36,2,0,1
124,3,626,626,24,0,12,2,1,0
159,1,44,44,25,0,51,2,5,1
16,0,240,240,26,1,88,0,0,0
246,3,260,260,27,1,24,2,2,0
38,0,605,605,28,0,88,1,0,1
40,0,813,813,29,1,88,2,0,0
145,0,828,828,30,1,53,0,0,0
236,1,776,776,31,0,88,0,0,1
30,0,289,289,32,0,88,1,0,1
72,0,856,856,33,1,82,2,0,0
220,1,535,535,34,1,36,0,0,0
187,1,372,372,35,1,56,2,0,0
17,0,505,505,36,1,88,0,0,1
43,0,134,134,37,1,27,2,0,0
113,2,837,837,38,0,23,2,0,0
75,1,589,589,39,0,18,0,0,1
62,1,7,7,40,0,53,2,0,0
123,1,827,827,41,0,35,2,0,0
40,0,446,446,42,1,88,0,0,0
177,1,456,456,43,0,7,0,2,1
38,0,212,212,44,0,24,1,0,1
43,0,697,697,45,1,88,2,0,0
102,1,473,473,46,1,88,1,0,0
30,0,604,604,47,0,88,1,0,1
125,2,726,726,48,1,88,0,0,0
112,1,38,38,49,0,23,2,0,0
175,4,629,629,50,1,11,2,1,0
34,0,594,594,51,1,27,2,0,0
211,1,333,333,52,0,64,0,0,1
138,1,246,246,53,0,38,2,0,1
200,0,620,620,54,1,81,0,1,0
168,0,873,873,55,1,88,2,0,1
72,0,707,707,56,0,27,2,0,1
17,0,595,595,57,1,37,0,0,0
146,1,853,853,58,0,9,2,2,1
179,5,299,299,59,1,15,2,2,0
17,0,749,749,60,1,28,0,0,0
218,0,385,385,61,0,51,3,0,1
222,1,337,337,62,1,59,2,0,0
147,3,755,755,63,1,8,2,2,0
145,0,784,784,64,1,88,0,0,0
101,1,560,560,65,1,88,0,1,1
72,0,596,596,66,0,38,2,0,1
46,0,185,185,67,1,24,2,0,0
41,4,25,25,68,0,22,2,2,1
54,2,440,440,69,1,34,2,0,0
72,0,396,396,70,1,42,2,0,0
179,5,300,300,71,0,21,2,2,0
208,0,376,376,72,1,27,2,0,0
94,1,161,161,73,1,34,0,0,0
193,0,87,87,74,1,42,2,0,1
24,0,546,546,75,1,33,2,0,0
40,0,778,778,76,1,88,2,0,0
43,0,563,563,77,1,88,2,0,0
150,0,127,127,78,1,3,2,2,1
81,0,223,223,79,0,39,2,0,1
58,0,842,842,80,1,28,2,0,0
64,0,737,737,81,1,38,2,0,1
32,0,519,519,82,0,88,1,0,1
180,0,141,141,83,1,36,2,0,0
72,0,386,386,84,0,22,2,0,1
106,3,52,52,85,0,44,2,0,1
165,1,255,255,86,1,21,2,3,0
43,0,764,764,87,1,88,2,0,0
246,3,259,259,88,0,29,2,2,1
43,0,149,149,89,1,31,2,0,0
43,0,159,159,90,1,38,2,0,0
36,0,31,31,91,1,25,2,0,0
198,1,150,150,92,1,61,2,0,0
122,1,209,209,93,1,34,2,2,0
18,0,184,184,94,1,75,2,0,0
43,0,740,740,95,1,88,2,0,0
166,0,292,292,96,1,85,0,0,0
201,0,308,308,97,1,29,0,1,1
129,0,219,219,98,0,45,2,1,1
138,1,422,422,99,1,45,2,0,0
40,0,656,656,100,0,36,2,0,0
40,0,658,658,101,1,88,2,0,0
212,0,858,858,102,1,27,2,1,0
53,0,405,405,103,1,44,2,0,0
41,2,312,312,104,1,50,2,0,0
40,0,542,542,105,1,36,2,0,0
24,0,724,724,106,0,27,2,0,1
31,0,559,559,107,1,88,2,0,1
40,0,675,675,108,1,51,2,0,0
133,1,552,552,109,0,88,1,0,1
187,0,667,667,110,1,62,2,0,0
94,1,882,882,111,0,19,0,0,0
43,0,67,67,112,1,28,2,0,0
66,1,417,417,113,0,25,2,0,0
95,0,46,46,114,0,22,0,0,0
41,0,645,645,115,1,27,2,0,0
30,0,178,178,116,1,84,1,0,0
123,1,826,826,117,1,38,2,0,0
244,0,70,70,118,1,31,0,1,0
158,4,24,24,119,0,6,2,2,0
208,2,362,362,120,1,27,2,0,0
43,0,551,551,121,1,88,2,0,0
154,1,575,575,122,1,43,0,0,0
85,0,848,848,123,0,43,2,0,1
212,0,857,857,124,1,69,2,1,0
75,1,588,588,125,1,16,0,0,1
30,0,525,525,126,1,88,1,0,0
15,0,499,499,127,1,31,2,0,1
127,1,653,653,128,0,88,0,1,1
10,0,234,234,129,1,59,2,0,0
40,0,225,225,130,1,44,0,0,0
12,0,165,165,131,1,25,2,0,0
96,1,695,695,132,0,62,2,0,0
138,1,851,851,133,0,38,2,0,1
85,0,772,772,134,1,33,2,0,0
98,0,685,685,135,1,29,0,0,0
140,0,585,585,136,0,24,2,2,1
189,1,271,271,137,1,50,2,0,0
59,0,618,618,138,1,21,2,0,0
216,0,282,282,139,1,31,0,0,0
101,0,99,99,140,0,88,0,2,0
30,0,597,597,141,0,28,2,0,1
106,1,319,319,142,0,31,2,0,1
7,0,116,116,143,1,24,1,0,0
76,0,32,32,144,1,23,2,0,0
169,1,586,586,145,1,24,2,1,0
33,0,29,29,146,1,35,2,0,1
165,2,254,254,147,0,13,2,2,0
138,0,580,580,148,1,49,2,2,0
85,0,121,121,149,1,56,2,0,0
82,0,68,68,150,1,66,2,0,0
203,1,643,643,151,0,28,2,0,1
43,0,532,532,152,1,71,2,0,0
96,0,889,889,153,1,54,2,2,0
19,0,612,612,154,1,88,2,0,0
199,0,866,866,155,1,66,0,1,0
27,0,287,287,156,0,21,1,0,1
43,0,181,181,157,1,39,2,0,0
54,0,767,767,158,1,88,2,0,0
205,6,716,716,159,1,88,2,2,0
109,0,186,186,160,1,58,2,1,0
105,0,847,847,161,0,53,2,0,1
31,0,82,82,162,1,34,2,0,0
54,0,129,129,163,1,22,2,0,0
175,4,628,628,164,1,5,2,1,0
121,0,293,293,165,1,13,2,2,1
190,0,157,157,166,0,88,2,1,1
147,1,760,760,167,0,59,2,4,0
136,0,69,69,168,1,88,2,0,0
193,0,486,486,169,1,36,2,0,0
163,0,832,832,170,1,77,2,0,0
151,4,680,680,171,1,8,1,1,0
74,1,408,408,172,0,5,2,1,1
41,0,752,752,173,1,27,2,0,0
156,0,769,769,174,1,72,0,0,0
36,1,444,444,175,1,23,2,1,0
134,3,464,464,176,1,88,2,1,0
149,0,388,388,177,0,65,0,0,0
85,0,320,320,178,1,39,2,0,0
0,0,474,474,179,1,48,2,0,0
205,6,717,717,180,0,88,2,2,0
99,0,650,650,181,1,88,0,0,0
159,4,41,41,182,1,13,2,2,0
172,2,76,76,183,1,5,2,1,1
126,0,441,441,184,0,8,2,2,1
183,0,700,700,185,1,88,2,0,0
102,1,601,601,186,0,88,1,0,1
143,0,698,698,187,1,59,2,0,1
102,1,101,101,188,1,53,1,1,0
40,0,823,823,189,1,48,2,0,0
85,0,664,664,190,0,42,2,0,1
85,0,136,136,191,1,24,2,0,0
36,1,20,20,192,0,24,2,0,1
138,1,579,579,193,1,7,2,1,1
145,0,113,113,194,0,58,0,0,1
236,0,495,495,195,0,74,0,0,1
30,0,533,533,196,1,88,1,0,0
49,0,611,611,197,1,56,2,1,0
30,0,497,497,198,0,88,1,0,1
85,0,881,881,199,0,31,2,0,0
64,0,834,834,200,1,36,2,0,0
205,6,721,721,201,1,88,2,2,0
6,0,403,403,202,1,45,2,0,0
16,0,878,878,203,1,60,0,0,0
43,0,166,166,204,1,23,2,0,1
71,0,789,789,205,0,6,2,1,0
106,1,51,51,206,1,42,2,0,0
115,0,9,9,207,1,34,0,0,1
30,0,140,140,208,0,21,1,0,1
157,0,94,94,209,1,53,0,0,1
12,0,12,12,210,1,31,2,0,0
123,0,131,131,211,0,47,2,0,1
18,0,649,649,212,1,28,2,0,0
85,0,288,288,213,1,39,2,0,0
30,1,437,437,214,1,88,1,0,0
231,1,582,582,215,0,41,0,0,1
41,0,375,375,216,0,35,2,0,1
144,1,390,390,217,1,56,2,0,0
210,0,72,72,218,0,42,0,0,1
72,0,338,338,219,1,39,2,0,0
43,0,791,791,220,1,21,2,0,1
85,0,105,105,221,1,35,2,0,0
43,0,306,306,222,1,66,2,0,0
40,0,581,581,223,1,88,2,0,0
225,1,379,379,224,1,51,2,0,1
61,0,83,83,225,1,28,2,0,0
72,0,531,531,226,1,24,2,0,1
18,0,492,492,227,1,26,2,0,0
85,0,243,243,228,1,23,2,0,0
134,3,467,467,229,0,88,2,1,0
222,1,339,339,230,0,47,2,0,1
31,0,460,460,231,1,38,2,0,0
87,0,754,754,232,1,75,2,0,0
159,4,43,43,233,0,9,2,2,1
72,0,479,479,234,1,31,2,0,0
22,0,329,329,235,0,88,2,0,0
138,1,370,370,236,1,58,2,0,0
139,0,172,172,237,0,12,2,2,1
72,0,648,648,238,1,24,2,0,0
78,0,383,383,239,1,44,2,0,0
94,1,883,883,240,0,88,0,0,0
102,1,567,567,241,0,88,1,0,1
72,0,169,169,242,1,38,2,0,0
14,0,500,500,243,1,28,2,0,0
16,0,47,47,244,1,39,0,0,0
225,2,539,539,245,1,58,1,0,0
31,0,481,481,246,0,33,2,0,0
96,0,322,322,247,0,31,2,2,1
188,1,78,78,248,1,50,2,1,1
138,1,147,147,249,1,69,2,0,0
18,0,673,673,250,1,88,2,0,0
71,1,790,790,251,0,38,2,1,0
143,0,782,782,252,1,78,2,0,0
109,1,487,487,253,1,39,2,0,0
119,0,702,702,254,0,55,2,2,0
101,0,819,819,255,0,38,0,2,1
216,0,808,808,256,0,88,0,0,1
223,0,156,156,257,0,39,2,0,1
247,0,844,844,258,0,47,0,0,1
138,0,636,636,259,0,65,2,1,1
30,0,771,771,260,1,88,1,0,0
159,4,42,42,261,1,7,2,2,1
217,1,799,799,262,1,67,2,1,0
0,0,340,340,263,1,53,2,0,0
30,0,356,356,264,0,88,1,0,0
72,0,674,674,265,1,48,2,0,0
175,4,631,631,266,1,21,2,1,0
31,1,652,652,267,1,33,2,0,1
238,0,305,305,268,0,74,2,1,1
235,0,91,91,269,0,47,2,0,1
157,0,125,125,270,1,88,2,0,0
0,0,817,817,271,1,33,2,0,1
117,0,530,530,272,0,55,2,1,1
152,0,577,577,273,1,50,0,1,0
30,0,350,350,274,0,88,1,0,1
213,1,33,33,275,0,79,2,0,1
30,0,482,482,276,0,59,2,0,0
0,0,634,634,277,1,88,2,0,0
151,4,681,681,278,1,11,1,1,0
120,1,2,2,279,0,47,2,1,1
30,0,227,227,280,1,81,1,0,0
36,0,614,614,281,1,36,2,0,0
64,0,887,887,282,1,21,2,0,0
43,0,221,221,283,1,24,2,0,1
138,0,770,770,284,1,88,2,0,0
54,0,779,779,285,1,44,0,0,0
64,0,886,886,286,1,39,2,0,1
40,0,570,570,287,1,28,2,0,0
85,0,378,378,288,1,56,2,0,1
30,0,177,177,289,0,28,1,0,1
215,0,65,65,290,0,34,2,0,1
226,1,90,90,291,0,24,0,0,1
84,0,477,477,292,1,48,0,0,0
57,0,315,315,293,0,31,2,0,0
40,0,541,541,294,1,31,2,0,0
145,0,478,478,295,1,88,0,0,0
17,0,324,324,296,1,30,0,0,0
237,1,17,17,297,0,6,2,2,0
155,0,714,714,298,1,88,2,0,1
244,0,71,71,299,0,65,0,1,1
30,0,431,431,300,0,88,1,0,1
130,2,518,518,301,1,88,1,0,1
0,0,411,411,302,1,24,2,0,0
80,0,428,428,303,0,88,1,0,1
43,0,868,868,304,1,88,2,0,0
237,1,16,16,305,1,4,2,2,1
230,0,248,248,306,0,88,0,0,1
229,1,647,647,307,0,22,0,0,1
132,1,3,3,308,1,39,0,0,0
194,0,263,263,309,0,39,0,0,1
221,0,348,348,310,0,31,0,0,1
245,2,710,710,311,0,23,0,2,1
138,1,449,449,312,0,34,2,1,0
40,0,355,355,313,1,36,2,0,0
139,1,342,342,314,1,57,2,1,0
36,0,590,590,315,0,34,2,0,1
138,1,423,423,316,0,31,2,0,1
91,0,555,555,317,1,69,2,0,0
239,0,859,859,318,0,41,2,2,1
234,1,775,775,319,0,53,0,1,1
18,0,211,211,320,1,28,2,0,0
40,0,200,200,321,1,35,2,0,0
80,0,762,762,322,0,39,1,0,1
150,1,128,128,323,0,28,2,1,1
205,6,722,722,324,1,88,2,2,0
235,0,877,877,325,0,48,0,0,1
3,0,598,598,326,1,77,2,0,0
85,0,60,60,327,0,48,2,0,1
121,1,295,295,328,0,41,2,1,1
196,0,363,363,329,0,21,0,1,1
130,2,517,517,330,0,88,1,0,1
148,0,637,637,331,1,60,2,0,0
238,0,304,304,332,1,51,2,1,0
113,2,838,838,333,1,21,2,0,0
233,1,265,265,334,0,88,2,0,1
40,0,210,210,335,1,88,2,0,0
203,1,642,642,336,1,38,2,0,0
234,0,117,117,337,0,55,0,0,1
43,0,192,192,338,1,59,2,0,1
168,0,93,93,339,1,59,2,0,0
138,1,578,578,340,1,6,2,1,1
246,3,258,258,341,0,31,2,2,1
85,0,170,170,342,1,36,2,0,0
85,0,733,733,343,1,33,2,0,0
85,0,262,262,344,1,48,2,0,0
85,0,111,111,345,0,31,2,0,1
85,0,768,768,346,0,53,2,0,1
109,1,207,207,347,0,88,2,0,1
107,1,183,183,348,1,7,2,1,1
54,0,215,215,349,1,56,2,0,0
60,0,608,608,350,1,29,2,0,0
167,0,870,870,351,1,88,2,0,0
17,1,237,237,352,1,20,0,1,0
112,1,37,37,353,1,33,2,0,0
16,0,879,879,354,1,88,0,0,0
64,0,835,835,355,1,36,2,0,0
190,0,104,104,356,0,28,2,1,1
85,0,270,270,357,0,51,2,0,0
38,0,522,522,358,0,88,1,0,1
38,0,545,545,359,0,88,1,0,1
147,1,759,759,360,1,53,2,4,0
145,1,888,888,361,1,38,0,0,0
94,0,64,64,362,0,59,0,1,0
12,0,40,40,363,1,47,2,0,0
102,1,599,599,364,1,88,1,0,0
18,0,5,5,365,1,39,2,0,0
209,1,845,845,366,0,76,0,0,1
17,0,562,562,367,0,88,0,0,1
30,0,400,400,368,0,88,1,0,1
204,0,48,48,369,0,31,0,0,1
191,1,328,328,370,1,33,0,0,1
6,1,863,863,371,1,23,2,0,0
43,0,75,75,372,1,24,2,0,0
235,0,690,690,373,1,28,0,0,0
124,3,625,625,374,0,7,2,1,0
220,1,536,536,375,0,88,0,0,1
18,0,454,454,376,0,28,2,0,1
241,0,862,862,377,1,35,0,2,0
1,0,85,85,378,1,25,0,0,0
31,0,314,314,379,1,24,2,0,0
243,0,86,86,380,0,56,0,0,1
104,0,572,572,381,0,5,0,2,1
41,0,811,811,382,1,42,2,0,0
187,1,373,373,383,0,47,2,0,1
40,0,665,665,384,1,88,2,0,0
208,0,205,205,385,1,23,2,0,0
179,5,298,298,386,1,5,2,2,0
85,0,118,118,387,0,48,2,0,1
26,0,715,715,388,1,88,1,0,0
77,0,468,468,389,0,22,0,0,1
232,1,144,144,390,1,48,2,2,1
33,0,393,393,391,1,27,2,0,1
41,2,313,313,392,1,36,2,0,0
231,1,583,583,393,0,29,0,0,1
110,0,728,728,394,0,31,2,2,1
33,0,404,404,395,1,28,2,0,0
36,0,613,613,396,0,41,2,0,0
138,0,524,524,397,1,61,2,0,0
72,0,623,623,398,1,29,2,0,0
83,0,821,821,399,0,36,2,0,1
41,0,592,592,400,1,52,2,0,1
43,0,6,6,401,1,34,2,0,0
66,1,418,418,402,0,27,2,0,0
106,1,318,318,403,1,36,2,0,0
54,0,616,616,404,0,25,2,0,0
123,1,274,274,405,1,45,2,0,0
30,0,861,861,406,1,66,2,0,0
114,1,687,687,407,1,7,2,1,1
31,0,88,88,408,1,27,2,0,0
134,3,465,465,409,0,88,2,1,0
40,0,732,732,410,1,88,2,0,0
8,0,343,343,411,1,88,1,0,0
225,1,540,540,412,0,44,1,0,1
0,0,191,191,413,1,88,2,0,0
41,0,792,792,414,1,58,2,0,1
43,0,528,528,415,0,88,2,0,0
161,1,226,226,416,0,45,2,1,1
85,0,742,742,417,0,23,2,2,1
85,0,513,513,418,1,39,2,0,0
133,0,829,829,419,0,14,2,2,0
40,0,281,281,420,1,88,0,0,0
27,0,155,155,421,1,27,1,0,0
37,0,884,884,422,1,38,2,0,0
93,1,198,198,423,0,36,2,1,0
119,1,701,701,424,1,23,2,1,0
18,0,872,872,425,1,88,2,0,0
138,1,162,162,426,0,36,2,0,1
138,0,662,662,427,0,24,2,0,1
30,0,249,249,428,1,88,1,0,0
43,0,663,663,429,1,42,2,0,1
143,0,92,92,430,1,36,2,0,1
109,1,810,810,431,0,88,2,0,1
138,1,491,491,432,0,56,2,0,1
14,0,420,420,433,1,22,2,0,0
192,1,744,744,434,1,65,2,0,0
232,1,143,143,435,0,18,2,2,1
165,2,253,253,436,0,27,2,2,0
114,2,688,688,437,0,31,2,3,1
246,1,261,261,438,1,80,2,4,0
72,0,447,447,439,1,41,2,0,0
139,1,344,344,440,0,59,2,1,1
64,0,323,323,441,1,25,2,0,0
31,1,659,659,442,1,33,2,0,0
85,0,679,679,443,0,36,2,0,1
44,0,402,402,444,1,88,2,0,1
219,0,216,216,445,1,8,2,2,1
117,0,529,529,446,0,17,2,1,1
143,0,735,735,447,1,45,2,0,1
116,2,55,55,448,0,9,0,1,1
155,0,661,661,449,1,67,2,0,1
146,1,854,854,450,1,48,2,2,0
118,1,316,316,451,1,88,2,0,0
146,0,257,257,452,1,39,0,0,0
224,1,290,290,453,1,64,0,0,1
43,0,644,644,454,1,88,2,0,0
40,0,392,392,455,1,38,0,0,1
143,0,537,537,456,1,81,2,0,0
186,1,436,436,457,0,88,2,0,1
72,0,815,815,458,0,65,2,0,1
30,0,603,603,459,1,88,1,0,0
143,0,21,21,460,1,63,2,0,1
43,0,557,557,461,1,45,2,0,0
171,0,280,280,462,1,62,2,0,0
85,0,538,538,463,1,63,2,0,0
43,0,502,502,464,1,88,2,0,0
12,0,296,296,465,1,51,2,0,0
0,0,132,132,466,1,88,2,0,0
143,0,766,766,467,1,72,2,0,0
25,0,731,731,468,1,88,1,0,0
116,2,54,54,469,0,2,0,1,1
18,0,430,430,470,1,88,2,0,0
54,0,124,124,471,1,51,2,0,0
146,1,855,855,472,0,44,2,2,1
88,0,401,401,473,0,29,0,0,1
67,0,787,787,474,0,28,2,0,0
187,0,164,164,475,1,88,2,0,0
123,1,676,676,476,1,45,2,0,0
11,1,107,107,477,1,38,2,0,0
21,0,425,425,478,1,28,2,0,0
79,0,365,365,479,0,6,2,1,1
179,5,297,297,480,1,13,2,2,0
0,0,268,268,481,1,88,2,0,0
43,0,706,706,482,1,65,2,0,0
65,0,825,825,483,0,79,2,0,1
226,1,89,89,484,1,33,0,0,1
134,3,466,466,485,0,88,2,1,0
225,1,381,381,486,0,47,2,0,1
152,0,435,435,487,1,74,0,0,0
43,0,774,774,488,1,39,2,0,0
107,1,182,182,489,1,13,2,1,1
118,1,317,317,490,1,88,2,0,0
18,0,871,871,491,1,27,2,0,0
155,0,547,547,492,1,70,2,0,0
182,0,39,39,493,1,85,0,0,0
43,0,781,781,494,1,27,2,0,0
95,0,880,880,495,1,88,0,0,0
214,1,242,242,496,0,69,0,0,1
100,0,738,738,497,1,88,2,0,0
237,1,18,18,498,0,33,2,2,0
33,0,796,796,499,1,31,2,0,0
54,0,130,130,500,1,22,2,0,0
30,0,133,133,501,0,27,1,0,0
23,0,607,607,502,0,88,1,0,0
65,0,450,450,503,0,50,2,0,0
223,0,501,501,504,0,21,2,0,1
229,1,646,646,505,1,23,0,0,0
138,0,670,670,506,0,44,2,2,1
143,0,106,106,507,1,88,2,0,1
128,0,610,610,508,1,36,2,0,0
193,0,455,455,509,1,34,2,0,1
30,0,195,195,510,1,38,1,0,1
43,0,849,849,511,1,88,2,0,0
141,0,521,521,512,1,48,2,0,1
197,1,705,705,513,0,69,0,0,1
20,0,168,168,514,1,31,2,0,0
164,0,843,843,515,1,62,2,0,0
72,0,472,472,516,0,45,2,0,1
133,0,709,709,517,1,88,1,0,0
138,1,35,35,518,0,48,2,0,1
40,0,641,641,519,1,42,2,0,0
227,0,651,651,520,0,39,2,0,1
40,0,841,841,521,1,28,2,0,0
16,0,448,448,522,1,88,0,0,0
196,0,364,364,523,0,58,0,1,1
17,0,427,427,524,1,88,0,0,0
30,0,244,244,525,1,54,1,0,0
72,0,689,689,526,0,65,2,0,1
242,0,245,245,527,1,88,2,0,0
41,0,725,725,528,1,52,2,0,0
76,2,366,366,529,1,29,2,1,0
138,1,669,669,530,0,6,2,1,1
17,0,818,818,531,1,88,0,0,0
17,1,236,236,532,1,22,0,1,0
127,0,654,654,533,0,88,0,2,1
54,0,123,123,534,0,39,2,0,0
139,0,341,341,535,0,11,2,2,1
143,0,120,120,536,1,59,2,0,0
228,0,461,461,537,0,39,0,0,1
96,0,692,692,538,1,88,2,0,0
181,0,266,266,539,0,28,0,2,1
206,0,188,188,540,0,48,2,2,1
158,4,26,26,541,0,13,2,2,0
158,4,27,27,542,0,15,2,2,0
138,1,73,73,543,1,42,2,0,1
228,1,222,222,544,1,65,0,0,0
138,0,587,587,545,1,80,2,0,0
138,1,74,74,546,0,24,2,0,1
90,0,622,622,547,1,88,0,0,1
121,1,294,294,548,1,44,2,1,0
169,1,203,203,549,1,12,2,1,1
230,0,804,804,550,1,22,0,2,1
138,0,736,736,551,1,35,2,0,0
35,0,600,600,552,1,88,1,0,0
16,0,463,463,553,1,28,0,0,1
31,0,609,609,554,0,28,2,0,1
143,0,874,874,555,1,78,2,0,0
174,1,228,228,556,0,63,0,0,1
243,0,693,693,557,1,88,0,0,0
217,1,800,800,558,0,52,2,1,1
111,1,885,885,559,0,48,2,0,1
30,0,558,558,560,1,88,1,0,0
40,0,751,751,561,1,53,2,0,0
87,0,593,593,562,1,36,2,0,0
43,0,746,746,563,1,88,2,0,0
43,0,527,527,564,0,88,2,0,0
133,2,204,204,565,1,31,2,0,0
40,0,786,786,566,1,24,2,0,0
124,0,627,627,567,0,38,2,4,0
17,0,217,217,568,1,88,0,0,0
36,0,416,416,569,1,42,2,0,1
72,0,336,336,570,1,78,2,0,1
185,2,36,36,571,0,68,2,0,1
142,0,251,251,572,1,48,2,0,1
30,0,432,432,573,0,88,1,0,1
43,0,708,708,574,1,21,2,0,0
96,0,639,639,575,1,24,2,0,0
85,0,277,277,576,0,45,2,0,1
192,1,745,745,577,0,52,2,0,1
95,1,135,135,578,0,88,0,0,0
41,0,419,419,579,1,42,2,0,1
153,1,160,160,580,0,33,2,1,1
230,1,805,805,581,0,52,0,1,1
138,0,224,224,582,1,69,2,0,0
176,0,703,703,583,1,48,0,0,0
56,0,640,640,584,1,88,0,0,0
217,0,798,798,585,0,23,2,2,1
97,0,395,395,586,1,62,2,0,0
216,1,267,267,587,1,76,0,1,1
43,0,284,284,588,1,28,2,0,0
43,0,566,566,589,1,88,2,0,0
14,0,691,691,590,1,47,2,0,0
214,1,783,783,591,0,67,0,0,1
18,0,238,238,592,1,62,2,0,0
30,0,100,100,593,0,88,1,2,0
138,1,154,154,594,1,50,2,0,0
133,1,830,830,595,1,48,2,1,0
162,0,470,470,596,0,88,2,0,1
0,0,409,409,597,1,64,2,0,0
16,0,98,98,598,1,88,0,0,0
194,1,229,229,599,1,64,0,0,1
144,2,391,391,600,0,31,2,1,1
40,0,761,761,601,1,88,2,0,0
178,0,335,335,602,1,88,2,0,0
43,0,816,816,603,1,58,2,0,0
143,0,374,374,604,1,47,0,0,1
103,1,483,483,605,1,48,2,0,0
40,0,424,424,606,1,39,2,0,0
155,0,199,199,607,1,35,2,0,1
177,1,458,458,608,0,28,0,2,1
238,0,741,741,609,0,53,2,0,1
158,1,30,30,610,0,52,2,5,0
12,0,394,394,611,1,88,2,0,0
102,1,568,568,612,0,88,1,0,1
30,0,377,377,613,1,88,1,0,0
43,0,110,110,614,1,47,2,0,0
202,1,357,357,615,0,31,2,2,1
93,1,197,197,616,1,45,2,1,0
109,1,488,488,617,0,34,2,0,0
172,2,77,77,618,0,8,2,1,1
72,0,279,279,619,1,34,2,0,0
94,1,875,875,620,1,35,0,0,0
188,1,439,439,621,1,56,2,0,1
104,1,573,573,622,1,25,0,1,1
36,0,327,327,623,1,27,2,0,0
109,0,103,103,624,1,27,2,0,0
160,0,794,794,625,1,77,2,0,0
80,0,442,442,626,1,73,1,0,0
213,0,490,490,627,0,27,2,0,1
40,0,96,96,628,1,34,2,0,0
27,0,602,602,629,1,88,1,0,0
153,0,66,66,630,1,87,2,0,1
13,0,494,494,631,1,66,2,0,0
155,0,777,777,632,1,42,0,0,1
0,0,635,635,633,1,88,2,0,0
147,3,757,757,634,0,13,2,2,0
85,0,206,206,635,0,36,2,0,1
41,0,469,469,636,1,42,2,0,0
139,1,173,173,637,1,41,2,1,0
175,0,633,633,638,0,55,2,5,0
109,1,809,809,639,1,88,2,0,0
36,0,397,397,640,1,25,2,0,0
204,0,723,723,641,0,31,0,0,1
147,3,758,758,642,0,6,2,2,0
193,0,252,252,643,1,88,2,0,1
116,2,53,53,644,0,2,0,1,1
211,1,332,332,645,1,63,0,0,1
40,0,180,180,646,1,24,2,0,0
168,0,747,747,647,1,72,0,0,1
22,0,865,865,648,1,88,2,0,0
22,0,780,780,649,0,29,2,0,1
40,0,544,544,650,1,88,2,0,0
129,0,218,218,651,0,23,2,1,1
50,0,421,421,652,1,27,2,0,0
35,0,606,606,653,0,88,1,0,1
7,0,352,352,654,0,23,1,0,0
208,2,360,360,655,1,31,2,0,0
40,0,671,671,656,1,88,2,0,0
102,1,102,102,657,0,42,1,1,0
85,0,232,232,658,1,29,2,0,0
231,0,584,584,659,1,74,0,2,0
233,2,264,264,660,1,65,2,0,1
16,0,57,57,661,1,53,0,0,0
135,0,171,171,662,1,62,2,0,0
20,0,167,167,663,1,48,2,0,0
41,1,484,484,664,1,25,2,0,1
208,2,361,361,665,1,42,2,0,0
85,0,119,119,666,1,33,2,0,0
31,0,699,699,667,1,88,2,0,0
43,0,179,179,668,1,57,2,0,0
187,1,802,802,669,0,88,2,0,1
172,1,114,114,670,0,53,2,1,1
187,1,202,202,671,1,41,2,0,0
72,0,543,543,672,1,83,2,0,0
85,0,864,864,673,1,41,2,0,1
0,0,846,846,674,1,88,2,0,0
31,0,231,231,675,1,23,2,0,0
43,0,730,730,676,1,32,2,0,0
68,0,824,824,677,0,23,2,0,1
179,1,302,302,678,0,57,2,6,0
247,0,137,137,679,1,48,0,1,1
45,0,655,655,680,0,88,1,0,0
211,0,345,345,681,1,35,0,0,1
60,0,615,615,682,1,25,2,0,0
179,5,301,301,683,1,18,2,2,0
172,1,112,112,684,1,76,2,1,0
177,1,457,457,685,1,33,0,2,0
175,4,632,632,686,1,18,2,1,0
70,0,194,194,687,1,24,2,0,0
33,0,247,247,688,1,23,2,0,0
240,0,498,498,689,0,20,2,1,1
195,1,213,213,690,1,41,2,0,1
86,0,426,426,691,0,8,0,1,1
193,0,452,452,692,1,88,2,0,1
16,0,713,713,693,1,33,0,0,0
143,0,850,850,694,1,76,2,0,0
87,0,153,153,695,1,67,2,0,0
43,0,433,433,696,1,58,2,0,0
27,0,565,565,697,0,88,1,0,1
230,1,803,803,698,1,64,0,1,0
24,0,382,382,699,1,56,2,0,0
243,1,45,45,700,0,23,0,0,1
141,0,743,743,701,1,47,2,0,1
94,0,63,63,702,0,23,0,1,0
29,0,275,275,703,1,33,1,0,0
36,1,326,326,704,1,34,2,0,0
138,0,556,556,705,1,52,2,0,0
87,0,434,434,706,0,59,2,0,1
141,0,126,126,707,1,56,2,0,1
237,0,163,163,708,0,28,2,0,1
101,1,561,561,709,1,88,0,1,1
182,0,514,514,710,0,31,0,0,1
143,0,443,443,711,1,88,2,0,0
187,1,801,801,712,1,63,2,0,1
63,0,459,459,713,1,38,2,0,0
85,0,307,307,714,1,67,2,0,0
24,0,773,773,715,1,24,2,0,0
243,0,241,241,716,0,51,0,0,1
72,0,822,822,717,0,35,2,0,1
102,0,520,520,718,1,88,1,0,0
31,0,410,410,719,1,44,2,0,0
162,0,331,331,720,0,10,2,1,1
13,1,399,399,721,1,22,2,0,0
85,0,286,286,722,1,45,2,0,0
85,0,368,368,723,1,65,2,0,0
189,1,151,151,724,1,35,2,0,1
54,0,617,617,725,1,25,2,0,0
123,3,677,677,726,0,39,2,0,1
28,0,507,507,727,0,88,1,0,1
138,1,115,115,728,1,33,2,0,0
41,1,387,387,729,0,33,2,0,0
240,0,14,14,730,0,38,2,0,1
115,0,346,346,731,1,15,0,0,0
0,0,445,445,732,1,88,2,0,0
85,0,84,84,733,1,29,2,0,0
85,0,820,820,734,1,29,2,0,0
109,0,869,869,735,1,37,2,0,0
165,1,256,256,736,0,63,2,3,0
247,0,476,476,737,1,47,0,0,1
40,0,389,389,738,1,88,2,0,0
40,0,574,574,739,1,88,2,0,0
153,0,347,347,740,1,88,2,0,1
215,1,148,148,741,1,48,2,0,0
245,2,711,711,742,0,27,0,2,1
109,1,526,526,743,1,31,2,0,0
41,0,788,788,744,1,41,2,0,1
206,1,187,187,745,1,83,2,1,0
120,1,1,1,746,1,21,2,1,0
85,0,748,748,747,0,39,2,0,1
189,1,511,511,748,1,24,2,0,0
30,0,176,176,749,1,41,1,0,0
129,1,852,852,750,0,8,2,1,1
81,0,549,549,751,1,10,2,1,1
64,0,833,833,752,1,44,2,0,0
40,0,415,415,753,1,29,2,0,0
202,1,358,358,754,0,63,2,2,1
96,1,321,321,755,1,1,2,1,1
33,0,138,138,756,1,36,2,0,0
76,0,58,58,757,1,23,2,0,0
43,0,806,806,758,1,45,2,0,0
223,0,704,704,759,0,44,2,0,1
96,0,276,276,760,1,88,2,0,0
14,0,591,591,761,1,55,2,0,0
17,0,62,62,762,1,25,0,0,1
232,1,146,146,763,0,48,2,2,1
31,0,233,233,764,1,21,2,0,0
213,1,369,369,765,0,66,2,0,1
174,0,109,109,766,1,88,0,0,0
30,0,506,506,767,0,40,1,0,0
133,1,553,553,768,1,88,1,0,0
48,0,309,309,769,1,42,2,0,0
64,0,480,480,770,1,31,2,0,0
36,0,398,398,771,1,63,2,0,0
72,0,496,496,772,0,73,2,0,0
16,0,235,235,773,1,88,0,0,0
129,1,367,367,774,0,69,2,3,1
30,0,569,569,775,1,23,2,0,0
30,0,812,812,776,1,88,1,0,0
81,0,239,239,777,0,9,2,0,1
28,0,438,438,778,1,88,1,0,0
240,0,694,694,779,0,57,2,1,1
17,0,50,50,780,0,17,0,0,1
195,1,214,214,781,0,22,2,0,1
153,0,489,489,782,1,38,2,0,0
131,1,414,414,783,1,88,2,2,0
12,0,13,13,784,1,33,2,0,0
18,0,330,330,785,1,33,2,0,0
20,0,753,753,786,0,23,2,0,1
151,4,683,683,787,1,12,1,1,0
122,1,208,208,788,1,5,2,2,1
216,0,310,310,789,1,61,0,0,0
30,0,429,429,790,1,88,1,0,0
138,0,278,278,791,1,21,2,0,0
205,6,719,719,792,0,88,2,2,0
156,0,380,380,793,1,88,0,0,0
40,0,201,201,794,1,33,2,0,0
85,0,621,621,795,1,52,2,0,0
137,0,462,462,796,0,64,2,0,1
55,0,619,619,797,0,41,2,0,1
17,0,384,384,798,1,39,0,0,0
133,1,831,831,799,0,39,2,1,0
85,0,666,666,800,1,45,2,0,0
139,1,174,174,801,0,41,2,1,1
232,1,142,142,802,1,15,2,2,1
52,0,807,807,803,1,0,0,1,1
10,0,351,351,804,1,35,2,0,1
31,0,406,406,805,1,41,2,0,0
0,0,34,34,806,1,52,2,0,0
31,0,660,660,807,0,23,2,0,0
85,0,534,534,808,1,52,2,0,0
189,1,152,152,809,0,44,2,0,1
39,0,10,10,810,1,34,2,0,0
133,0,475,475,811,1,52,2,0,0
72,0,763,763,812,1,47,2,0,0
158,4,23,23,813,0,10,2,2,0
43,0,814,814,814,1,40,2,0,0
0,0,269,269,815,1,88,2,0,0
41,0,354,354,816,0,29,2,0,0
170,1,504,504,817,1,41,0,1,0
5,0,371,371,818,1,57,2,0,0
147,3,756,756,819,1,14,2,2,0
227,1,349,349,820,0,67,2,1,1
54,0,493,493,821,1,35,2,0,1
0,0,678,678,822,1,51,2,0,0
81,0,550,550,823,0,35,2,1,1
175,4,630,630,824,1,6,2,1,0
9,0,250,250,825,1,88,1,0,0
193,0,453,453,826,1,88,2,0,0
170,0,503,503,827,1,5,0,2,1
30,0,516,516,828,1,88,1,0,1
218,0,785,785,829,0,78,3,0,1
94,1,876,876,830,0,20,0,0,1
114,1,686,686,831,1,3,2,1,1
17,0,712,712,832,1,88,0,0,0
36,0,49,49,833,1,29,2,0,0
47,0,19,19,834,1,23,2,0,0
221,1,175,175,835,0,52,0,1,1
54,0,638,638,836,1,27,2,0,0
43,0,750,750,837,1,88,2,0,0
193,0,158,158,838,1,42,2,0,1
152,0,508,508,839,1,88,0,0,1
41,0,11,11,840,1,25,2,0,0
72,0,564,564,841,1,21,2,0,0
157,0,734,734,842,0,39,0,0,1
4,0,471,471,843,1,46,0,0,0
54,0,189,189,844,1,22,2,0,0
22,0,0,0,845,1,56,2,0,0
205,6,720,720,846,1,88,2,2,0
40,0,509,509,847,1,47,0,0,0
162,0,334,334,848,1,36,2,1,0
224,1,291,291,849,0,88,0,0,1
158,4,22,22,850,1,8,2,2,0
31,0,795,795,851,1,86,2,0,0
101,1,97,97,852,0,13,0,1,0
173,0,485,485,853,0,21,2,1,1
138,1,145,145,854,0,58,2,0,0
61,0,8,8,855,0,23,2,1,1
239,1,860,860,856,0,59,2,1,1
143,0,196,196,857,1,66,2,0,1
116,0,56,56,858,0,31,0,3,1
17,0,672,672,859,1,88,0,0,0
92,2,325,325,860,1,55,2,0,0
76,1,283,283,861,1,27,2,0,0
137,0,797,797,862,0,63,2,0,1
205,6,718,718,863,0,88,2,2,0
85,0,285,285,864,1,31,2,0,0
85,0,122,122,865,0,56,2,0,1
89,1,230,230,866,0,35,0,0,1
184,0,696,696,867,1,41,2,0,0
64,0,890,890,868,1,88,2,0,0
74,1,407,407,869,1,8,2,1,1
40,0,59,59,870,1,34,2,0,0
188,1,79,79,871,0,62,2,1,1
2,0,139,139,872,1,44,2,0,0
58,0,836,836,873,1,62,2,0,0
132,1,4,4,874,0,36,0,0,1
16,0,571,571,875,0,20,0,0,1
69,0,311,311,876,1,25,2,0,0
40,0,657,657,877,1,24,2,0,0
40,0,451,451,878,1,88,2,0,0
221,0,668,668,879,0,72,0,1,1
138,0,739,739,880,0,33,2,1,1
40,0,510,510,881,1,44,2,0,0
73,0,193,193,882,0,28,2,0,0
72,0,61,61,883,1,36,2,0,0
12,0,793,793,884,1,33,2,0,0
151,0,684,684,885,0,52,1,5,0
85,0,548,548,886,1,35,2,0,0
153,0,303,303,887,0,24,2,0,1
131,1,413,413,888,0,88,2,2,0
153,0,81,81,889,1,34,0,0,1
30,0,220,220,890,1,42,1,0,0
